<project name="Webapp Precompilation" default="all" basedir=".">
   <import file="${tomcat.home}/bin/catalina-tasks.xml" />
   
   <target name="jspc">
      <jasper validateXml="false" uriroot="${webapp.path}" webXmlFragment="${webapp.path}/WEB-INF/generated_web.xml" outputDir="${webapp.path}/WEB-INF/src" />
   </target>
   
   <target name="compile">
      <mkdir dir="${webapp.path}/WEB-INF/classes" />
      <mkdir dir="${webapp.path}/WEB-INF/lib" />
      <javac destdir="${webapp.path}/WEB-INF/classes" optimize="off" debug="on" failonerror="false" srcdir="${webapp.path}/WEB-INF/src" excludes="**/*.smap">
         <classpath>
            <pathelement location="${webapp.path}/WEB-INF/classes" />
            <fileset dir="${webapp.path}/WEB-INF/lib">
               <include name="*.jar" />
            </fileset>
            <pathelement location="${tomcat.home}/lib" />
            <fileset dir="${tomcat.home}/lib">
               <include name="*.jar" />
            </fileset>
            <fileset dir="${tomcat.home}/bin">
               <include name="*.jar" />
            </fileset>
         </classpath>
         <include name="**" />
         <exclude name="tags/**" />
      </javac>
   </target>
   
   <target name="all" depends="jspc,compile" />
   
   <target name="cleanup">
      <delete>
         <fileset dir="${webapp.path}/WEB-INF/src" />
         <fileset dir="${webapp.path}/WEB-INF/classes/org/apache/jsp" />
      </delete>
   </target>
</project>